<?xml version="1.0" encoding="utf-8"?>
<merger version="3"><dataSet config=":flutter_compass" ignore_pattern="!.svn:!.git:!.ds_store:!*.scc:.*:&lt;dir>_*:!CVS:!thumbs.db:!picasa.ini:!*~"><source path="/Users/thatcrazydeveloper/StudioProjects/simplecompass/build/flutter_compass/intermediates/library_assets/debug/out"/></dataSet><dataSet config="main" ignore_pattern="!.svn:!.git:!.ds_store:!*.scc:.*:&lt;dir>_*:!CVS:!thumbs.db:!picasa.ini:!*~"><source path="/Users/thatcrazydeveloper/StudioProjects/simplecompass/android/app/src/main/assets"/><source path="/Users/thatcrazydeveloper/StudioProjects/simplecompass/build/app/intermediates/shader_assets/debug/out"/></dataSet><dataSet config="debug" ignore_pattern="!.svn:!.git:!.ds_store:!*.scc:.*:&lt;dir>_*:!CVS:!thumbs.db:!picasa.ini:!*~"><source path="/Users/thatcrazydeveloper/StudioProjects/simplecompass/android/app/src/debug/assets"/></dataSet></merger>